{
    "mean_squared_error": 0.0349556290014066,
    "mean_absolute_error": 0.11744760980277598,
    "r2_score": 0.8810501881173791
}